Model,Fraud_Caught,Fraud_Missed,False_Alarms,Savings,Losses,Investigation_Costs,Net_Benefit,Precision,Recall
Naive Bayes,132,53,1619,1881000.0,795000,875500,210500.0,0.07538549400342662,0.7135135135135136
LightGBM,8,177,5,114000.0,2655000,6500,-2547500.0,0.6153846153846154,0.043243243243243246
XGBoost,7,178,2,99750.0,2670000,4500,-2574750.0,0.7777777777777778,0.03783783783783784
Gradient Boosting,4,181,2,57000.0,2715000,3000,-2661000.0,0.6666666666666666,0.021621621621621623
KNN,4,181,6,57000.0,2715000,5000,-2663000.0,0.4,0.021621621621621623
Random Forest,2,183,2,28500.0,2745000,2000,-2718500.0,0.5,0.010810810810810811
SVM,0,185,0,0.0,2775000,0,-2775000.0,0.0,0.0
Logistic Regression,0,185,0,0.0,2775000,0,-2775000.0,0.0,0.0
